Workbook

Sheet Vendas Tratadas
A1: ID Pedido | B1: Nome do Cliente | C1: Região | D1: Representante | E1: Data do Pedido | F1: Receita (R$) | G1: Produto | H1: Status | I1: Observações | J1: Alertas
A2: 1001 | B2: João Silva | C2: Sudeste | D2: Sara Jorge | E2: 45306 | F2: 4320 | G2: Licença de Software | H2: Fechado Ganho
A3: 1002 | B3: Maria Souza | C3: Sudeste | D3: Sara Jorge | E3: 45313 | F3: 1150 | G3: Consultoria | H3: Fechado Ganho
A4: 1003 | B4: Pedro Oliveira | C4: Sul | D4: Bruno Carvalho | E4: 45296 | F4: 8900 | G4: Hardware | H4: Fechado Ganho | I4: cliente recorrente
A5: 1004 | B5: Emília Dias | C5: Centro-Oeste | D5: Tomás Bastos | E5: 45325 | F5: 2200 | G5: Licença de Software | H5: Fechado Perdido | J5: Possível duplicado: pedidos 1004, 1017
A6: 1006 | B6: Carlos Ribeiro | C6: Centro-Oeste | D6: Tomás Bastos | E6: 45336 | F6: 3750 | G6: Consultoria | H6: Fechado Ganho | J6: Possível duplicado: pedidos 1006, 1029; Região inferida pelo representante
A7: 1007 | B7: Linda Nunes | C7: Centro-Oeste | D7: Tomás Bastos | E7: 45342 | F7: 990 | G7: Hardware | H7: Fechado Perdido | J7: Possível duplicado: pedidos 1007, 1025 (status divergentes: Fechado Ganho x Fechado Perdido)
A8: 1008 | B8: Jaime Torres | C8: Nordeste | D8: Raquel Verde | E8: 45354 | F8: 12400 | G8: Pacote Empresarial | H8: Fechado Ganho | J8: Possível duplicado: pedidos 1008, 1014
A9: 1009 | B9: Priscila Pinto | C9: Sul | D9: Bruno Carvalho | E9: 45361 | G9: Licença de Software | H9: Fechado Ganho | J9: Receita ausente
A10: 1010 | B10: Kevin Barros | C10: Norte | D10: Sara Jorge | E10: 45366 | F10: 2100 | G10: Consultoria | H10: Fechado Ganho
A11: 1011 | B11: Susana Hall | C11: Centro-Oeste | D11: Tomás Bastos | E11: 45373 | F11: 5600 | G11: Licença de Software | H11: Fechado Ganho
A12: 1012 | B12: Dérico Mendes | C12: Nordeste | D12: Raquel Verde | E12: 45383 | F12: 3300 | G12: Hardware | H12: Fechado Ganho
A13: 1013 | B13: Tânia Braga | C13: Sul | D13: Bruno Carvalho | E13: 45390 | F13: 1800 | G13: Consultoria | H13: Fechado Perdido
A14: 1014 | B14: Jaime Torres | C14: Nordeste | D14: Raquel Verde | E14: 45394 | F14: 12400 | G14: Pacote Empresarial | H14: Fechado Ganho | J14: Possível duplicado: pedidos 1008, 1014
A15: 1015 | B15: Nina Prado | C15: Norte | D15: Sara Jorge | E15: 45401 | F15: 7250 | G15: Licença de Software | H15: Fechado Ganho
A16: 1016 | B16: Gabriel Stein | C16: Sul | D16: Bruno Carvalho | E16: 45407 | F16: 4100 | G16: Hardware | H16: Fechado Ganho | J16: Região inferida pelo representante
A17: 1017 | B17: Emília Dias | C17: Centro-Oeste | D17: Tomás Bastos | E17: 45414 | F17: 2200 | G17: Licença de Software | H17: Fechado Perdido | J17: Possível duplicado: pedidos 1004, 1017
A18: 1018 | B18: Raquel Quintana | C18: Nordeste | D18: Raquel Verde | E18: 45421 | F18: 9800 | G18: Pacote Empresarial | H18: Fechado Ganho
A19: 1019 | B19: Tomé Neves | C19: Sul | D19: Bruno Carvalho | E19: 45429 | F19: 660 | G19: Consultoria | H19: Fechado Ganho
A20: 1020 | B20: Patrícia Leme | C20: Norte | D20: Sara Jorge | E20: 45435 | F20: 3400 | G20: Licença de Software | H20: Fechado Ganho
A21: 1021 | B21: Vítor Reis | C21: Centro-Oeste | D21: Tomás Bastos | E21: 45445 | G21: Consultoria | H21: Fechado Ganho | J21: Receita ausente
A22: 1022 | B22: Carina Valente | C22: Norte | D22: Sara Jorge | E22: 45453 | F22: 5100 | G22: Licença de Software | H22: Fechado Ganho
A23: 1023 | B23: Breno Tavares | C23: Sul | D23: Bruno Carvalho | E23: 45461 | F23: 2900 | G23: Hardware | H23: Fechado Perdido
A24: 1024 | B24: Samanta Coelho | C24: Nordeste | D24: Raquel Verde | E24: 45468 | F24: 8700 | G24: Pacote Empresarial | H24: Fechado Ganho
A25: 1025 | B25: Linda Nunes | C25: Centro-Oeste | D25: Tomás Bastos | E25: 45471 | F25: 990 | G25: Hardware | H25: Fechado Ganho | J25: Possível duplicado: pedidos 1007, 1025 (status divergentes: Fechado Ganho x Fechado Perdido)
A26: 1026 | B26: Priscila Pinto | C26: Sul | D26: Bruno Carvalho | E26: 45477 | F26: 3200 | G26: Licença de Software | H26: Fechado Ganho
A27: 1027 | B27: Daniel Parente | C27: Norte | D27: Sara Jorge | E27: 45484 | F27: 1450 | G27: Consultoria | H27: Fechado Ganho | J27: Representante inferido pela região
A28: 1028 | B28: Mônica Belo | C28: Nordeste | D28: Raquel Verde | E28: 45492 | F28: 6600 | G28: Licença de Software | H28: Fechado Ganho
A29: 1029 | B29: Carlos Ribeiro | C29: Centro-Oeste | D29: Tomás Bastos | E29: 45499 | F29: 3750 | G29: Consultoria | H29: Fechado Ganho | J29: Possível duplicado: pedidos 1006, 1029
A30: 1030 | B30: Fábio Duarte | C30: Sul | D30: Bruno Carvalho | E30: 45506 | F30: 4800 | G30: Hardware | H30: Fechado Ganho

Sheet Resumo
A1: Resumo da Planilha de Vendas Tratada
A3: Total de pedidos | B3: =COUNTA('Vendas Tratadas'!$A$2:$A$30) -> 29
A4: Receita total (todos os status) | B4: =SUM('Vendas Tratadas'!$F$2:$F$30) -> 123810
A5: Receita Fechado Ganho | B5: =SUMIFS('Vendas Tratadas'!$F$2:$F$30,'Vendas Tratadas'!$H$2:$H$30,"Fechado Ganho") -> 113720
A6: Pedidos Fechado Ganho | B6: =COUNTIFS('Vendas Tratadas'!$H$2:$H$30,"Fechado Ganho") -> 24
A7: Pedidos Fechado Perdido | B7: =COUNTIFS('Vendas Tratadas'!$H$2:$H$30,"Fechado Perdido") -> 5
A8: Taxa de conversão | B8: =IFERROR(B6/(B6+B7),0) -> 0.82758621
A9: Ticket médio (ganhos com receita) | B9: =IFERROR(B5/COUNTIFS('Vendas Tratadas'!$H$2:$H$30,"Fechado Ganho",'Vendas Tratadas'!$F$2:$F$30,"<>"),0) -> 5169.0909
A10: Pedidos sem receita | B10: =COUNTBLANK('Vendas Tratadas'!$F$2:$F$30) -> 2
A11: Pedidos com alerta | B11: =COUNTA('Vendas Tratadas'!$J$2:$J$30) -> 12
A13: Região | B13: Receita Ganha | C13: Pedidos
A14: Norte | B14: =SUMIFS('Vendas Tratadas'!$F$2:$F$30,'Vendas Tratadas'!$C$2:$C$30,A14,'Vendas Tratadas'!$H$2:$H$30,"Fechado Ganho") -> 19300 | C14: =COUNTIFS('Vendas Tratadas'!$C$2:$C$30,A14) -> 5
A15: Nordeste | B15: =SUMIFS('Vendas Tratadas'!$F$2:$F$30,'Vendas Tratadas'!$C$2:$C$30,A15,'Vendas Tratadas'!$H$2:$H$30,"Fechado Ganho") -> 53200 | C15: =COUNTIFS('Vendas Tratadas'!$C$2:$C$30,A15) -> 6
A16: Centro-Oeste | B16: =SUMIFS('Vendas Tratadas'!$F$2:$F$30,'Vendas Tratadas'!$C$2:$C$30,A16,'Vendas Tratadas'!$H$2:$H$30,"Fechado Ganho") -> 14090 | C16: =COUNTIFS('Vendas Tratadas'!$C$2:$C$30,A16) -> 8
A17: Sudeste | B17: =SUMIFS('Vendas Tratadas'!$F$2:$F$30,'Vendas Tratadas'!$C$2:$C$30,A17,'Vendas Tratadas'!$H$2:$H$30,"Fechado Ganho") -> 5470 | C17: =COUNTIFS('Vendas Tratadas'!$C$2:$C$30,A17) -> 2
A18: Sul | B18: =SUMIFS('Vendas Tratadas'!$F$2:$F$30,'Vendas Tratadas'!$C$2:$C$30,A18,'Vendas Tratadas'!$H$2:$H$30,"Fechado Ganho") -> 21660 | C18: =COUNTIFS('Vendas Tratadas'!$C$2:$C$30,A18) -> 8
A19: Total | B19: =SUM(B14:B18) -> 113720 | C19: =SUM(C14:C18) -> 29
A21: Obs.: possíveis duplicados foram mantidos e estão sinalizados; confirme-os na aba Pendências antes de usar os totais.

Sheet Log de Correções
A1: ID Pedido | B1: Coluna | C1: Valor Original | D1: Valor Corrigido | E1: Regra Aplicada | F1: Categoria
A2: 1001 | B2: Receita | C2: R$ 4320.00 | D2: 4320.0 | E2: Texto convertido em número | F2: Receita como texto
A3: 1002 | B3: Data do Pedido | C3: 2024-01-22 | D3: 22/01/2024 | E3: Data convertida para DD/MM/AAAA | F3: Data em formato não padrão
A4: 1002 | B4: Nome do Cliente | C4: maria souza | D4: Maria Souza | E4: Capitalização padronizada | F4: Capitalização fora do padrão
A5: 1002 | B5: Receita | C5: R$ 1150.00 | D5: 1150.0 | E5: Texto convertido em número | F5: Receita como texto
A6: 1002 | B6: Região | C6: sudeste | D6: Sudeste | E6: Grafia padronizada para lista oficial | F6: Região fora do padrão
A7: 1002 | B7: Representante | C7: sara jorge | D7: Sara Jorge | E7: Capitalização padronizada | F7: Capitalização fora do padrão
A8: 1002 | B8: Status | C8: fechado ganho | D8: Fechado Ganho | E8: Capitalização padronizada | F8: Capitalização fora do padrão
A9: 1003 | B9: Data do Pedido | C9: 5 jan. 2024 | D9: 05/01/2024 | E9: Data convertida para DD/MM/AAAA | F9: Data em formato não padrão
A10: 1003 | B10: Nome do Cliente | C10: PEDRO OLIVEIRA | D10: Pedro Oliveira | E10: Capitalização padronizada | F10: Capitalização fora do padrão
A11: 1003 | B11: Receita | C11: R$ 8900.00 | D11: 8900.0 | E11: Texto convertido em número | F11: Receita como texto
A12: 1003 | B12: Região | C12: SUL | D12: Sul | E12: Grafia padronizada para lista oficial | F12: Região fora do padrão
A13: 1003 | B13: Representante | C13: BRUNO CARVALHO | D13: Bruno Carvalho | E13: Capitalização padronizada | F13: Capitalização fora do padrão
... A88: 1030 | B88: Representante | C88: BRUNO CARVALHO | D88: Bruno Carvalho | E88: Capitalização padronizada | F88: Capitalização fora do padrão

Sheet Pendências
A1: ID(s) Pedido | B1: Tipo | C1: Descrição | D1: Ação Sugerida | E1: Resolvido? (S/N)
A2: 1004, 1017 | B2: Possível duplicado | C2: Emília Dias / Licença de Software / R$ 2.200,00 em datas diferentes | D2: Confirmar com o comercial se é recompra ou lançamento repetido
A3: 1006, 1029 | B3: Possível duplicado | C3: Carlos Ribeiro / Consultoria / R$ 3.750,00 em datas diferentes | D3: Confirmar com o comercial se é recompra ou lançamento repetido
A4: 1007, 1025 | B4: Possível duplicado | C4: Linda Nunes / Hardware / R$ 990,00 em datas diferentes (status divergentes: Fechado Ganho x Fechado Perdido) | D4: Confirmar com o comercial se é recompra ou lançamento repetido
A5: 1008, 1014 | B5: Possível duplicado | C5: Jaime Torres / Pacote Empresarial / R$ 12.400,00 em datas diferentes | D5: Confirmar com o comercial se é recompra ou lançamento repetido
A6: 1009 | B6: Receita ausente | C6: Pedido 'Fechado Ganho' sem valor (Priscila Pinto) | D6: Buscar valor no contrato/nota fiscal
A7: 1021 | B7: Receita ausente | C7: Pedido 'Fechado Ganho' sem valor (Vítor Reis) | D7: Buscar valor no contrato/nota fiscal
A9: Preencha a coluna amarela após validar cada item com a área comercial.
